version,barinel-exam
12,0.0025957170668397143
10,0.022222222222222223
11,0.08614935335836464
1,0.47669866127810057
