version,barinel-exam
1,0.007085163667280714
10,0.05660377358490566
