version,barinel-exam
63,0.125
64,0.2222222222222222
42,0.23529411764705882
49,0.25
26,0.3076923076923077
41,0.5555555555555556
18,0.9375
61,1.0
60,1.0
6,1.0
58,1.0
57,1.0
51,1.0
50,1.0
47,1.0
45,1.0
10,1.0
39,1.0
38,1.0
34,1.0
33,1.0
32,1.0
30,1.0
3,1.0
24,1.0
22,1.0
17,1.0
15,1.0
13,1.0
7,1.0
9,1.0
