version,barinel-exam
19,0.0007107320540156361
22,0.0014285714285714286
14,0.0014705882352941176
2,0.001764705882352941
12,0.0025957170668397143
18,0.0027447392497712718
17,0.002835538752362949
3,0.003595132743362832
1,0.003992015968063872
4,0.013481828839390387
21,0.013880742913000977
9,0.016883116883116882
27,0.017391304347826087
10,0.022222222222222223
7,0.05714285714285714
11,0.05873015873015872
23,0.11239316239316238
