version,ochiai-exam
19,0.04464285714285714
18,0.18421052631578946
8,0.5
20,0.5454545454545454
7,1.0
6,1.0
4,1.0
3,1.0
26,1.0
25,1.0
1,1.0
2,1.0
15,1.0
14,1.0
13,1.0
12,1.0
10,1.0
21,1.0
9,1.0
